{
  "family": "cylinder",
  "cap_h": 0.002,
  "status": "PASS",
  "result": {
    "Vwork_V": 1.0,
    "initialTmax_K": 2754.453807813946,
    "Tmin_K": 293.15001518373043,
    "Tmean_K": 1739.846459106658,
    "U_pct": 141.46672424726475,
    "TmaxAll_K": 2754.453807813946,
    "TminAll_K": 293.15001518373043,
    "TmeanAll_K": 1739.846459106658,
    "UAll_pct": 141.46672424726475,
    "TmaxActive_K": 2754.453807813946,
    "TminActive_K": 492.18352365418144,
    "TmeanActive_K": 1842.6727476033732,
    "UActive_pct": 122.7711370400485,
    "activeVolumeFraction": 0.9287321056029206,
    "TmaxFreeSurface_K": 2742.5559572345464,
    "TminFreeSurface_K": 293.1500151837305,
    "TmeanFreeSurface_K": 1737.8179076296165,
    "UFreeSurface_pct": 140.9472149698242,
    "freeSurfaceArea_m2": 0.00023561366686719872,
    "electrodeTemperatureUndershoot_K": 0.0,
    "temperatureFallbackUsed": false,
    "lifetimeH": 0.002,
    "initialP03gross_W": 74.56461576061457,
    "initialPradGross_W": 81.85527584627505,
    "initialP03escape_W": 74.56622376127885,
    "initialPradEscape_W": 81.95684883214282,
    "initialP03sphere_W": 74.56622376127885,
    "initialPradSphere_W": 81.95684883214282,
    "initialP03selfAbsorbed_W": 0.0,
    "initialSelfViewLossRaw_pct": -0.002156519748508501,
    "initialSelfViewLoss_pct": 0.0,
    "initialRadiationNumericalExcess_pct": 0.002156519748508501,
    "initialP03ambient_W": 7.35499843397364e-06,
    "initialAmbient03ToEscape_pct": 9.863713170617852e-06,
    "initialFambAreaAvg": 1.0,
    "lifeAvgP03gross_W": 74.56705372776801,
    "lifeAvgPradGross_W": 81.85780000259416,
    "lifeAvgP03escape_W": 74.56812733087779,
    "lifeAvgPradEscape_W": 81.95883675896094,
    "lifeAvgP03sphere_W": 74.56812733087779,
    "lifeAvgPradSphere_W": 81.95883675896094,
    "lifeTotalP03gross_J": 536.8827868399297,
    "lifeTotalPradGross_J": 589.376160018678,
    "lifeTotalP03escape_J": 536.8905167823201,
    "lifeTotalPradEscape_J": 590.1036246645187,
    "lifeTotalP03sphere_J": 536.8905167823201,
    "lifeTotalP03selfAbsorbed_J": 0.0,
    "selfViewLossRaw_pct": -0.0014397821237466246,
    "selfViewLoss_pct": 0.0,
    "radiationNumericalExcess_pct": 0.0014397821237466246,
    "maxErosionTmax_K": 2754.453807813946,
    "failureReached": false,
    "capLimited": true,
    "stepLimited": false,
    "censored": true,
    "lifetimeExact": false,
    "terminationReason": "lifetime_cap",
    "failureFeature": "",
    "failureIndex": "",
    "maxFeatureLoss_pct": 1.2021587371402465e-06,
    "erosionSteps": 1,
    "erosionAttemptedSteps": 1,
    "erosionSolveRetries": 0,
    "maxLifetimeCap_h": 0.002,
    "maxErosionSteps": 2,
    "initialCOMSOLVolume_m3": 2.9450978594098465e-07,
    "initialExpectedVolume_m3": 2.9452431127404315e-07,
    "initialGeometryVolumeError_rel": 4.931794253476495e-05,
    "initialTargetVolumeDeviation_rel": 1.7974597402295807e-16,
    "initialSegmentMaskAreaRatioMin": 0.9040959813883597,
    "initialSegmentMaskAreaRatioMax": 0.9040959813883629,
    "initialVolume_m3": 2.9452431127404315e-07,
    "finalVolume_m3": 2.9452430950341596e-07,
    "volumeLoss_pct": 6.01182015280699e-07,
    "initialShoulderArea_m2": 0.0,
    "finalShoulderArea_m2": 9.441732563854893e-13,
    "maxShoulderArea_m2": 9.441732563854893e-13,
    "status": "CENSORED_LIFETIME_CAP",
    "failure": "",
    "elapsed_sec": 43.1,
    "voltagePolicy": "fixed",
    "voltageObjective": "lifeTotalP03escape_J",
    "voltageCandidateCount": 1,
    "operatingPointVersion": "rated_lifecycle_energy_v1",
    "ratedVoltageEligible": false,
    "ratedVoltageExactCandidateCount": 0,
    "ratedVoltageSelectionReason": "not_rated_scan",
    "voltageCandidateRatios": "1,0.95,0.9,0.85,0.8,0.7,0.6",
    "metricVersion": "radiation_escape_v2",
    "physicsVersion": "thermal_s2s_d3_v1",
    "geometryVersion": "cylinder_segmented_erosion_v2",
    "lifecycleVersion": "lifecycle_v2",
    "erosionModel": "local_sidewall_plus_shoulder_volume_balance",
    "failureFraction": 0.2,
    "maxErosionStep_s": 36000.0,
    "geometryVolumeTolerance_rel": 0.0001,
    "radiationEscapeMethod": "s2s_radiosity_famb",
    "spectralSplit_um": 3.0,
    "thermalAmbient_K": 293.15,
    "scoreAmbientTarget_K": 0.0,
    "temperatureStatisticVersion": "temperature_domains_v1",
    "temperaturePrimaryDomain": "all_tungsten_volume",
    "activeTemperatureTrim_mm": 0.5,
    "electrodeBoundaryMode": "fixed_temperature",
    "electrodeBoundaryVersion": "electrode_thermal_v1",
    "electrodeBoundaryApproximation": "none_fixed_temperature",
    "electrodeTemperature_K": 293.15,
    "copperThermalConductivity_W_mK": 400.0,
    "electrodeContactRadiusIn_mm": 2.5,
    "electrodeContactRadiusOut_mm": 2.5,
    "electrodeSpreadingHIn_W_m2K": 203718.32715762602,
    "electrodeSpreadingHOut_W_m2K": 203718.32715762602
  },
  "elapsed_sec": 55.2
}
