{
  "family": "zigzag",
  "status": "PASS",
  "cases": {
    "fixed_temperature": {
      "applied_V": 90.0,
      "Tmax": 3132.4811211957935,
      "Tmin": 293.1499428794964,
      "Tmean": 2894.6460932609384,
      "U_pct": 98.08906121292614,
      "TmaxAll_K": 3132.4811211957935,
      "TminAll_K": 293.1499428794964,
      "TmeanAll_K": 2894.6460932609384,
      "UAll_pct": 98.08906121292614,
      "TmaxActive_K": 3132.4811211957935,
      "TminActive_K": 293.2345263983518,
      "TmeanActive_K": 3080.3765861759675,
      "UActive_pct": 92.17206128430327,
      "activeVolumeFraction": 0.9333336584365749,
      "TmaxFreeSurface_K": 3129.5844804720728,
      "TminFreeSurface_K": 293.1499428794964,
      "TmeanFreeSurface_K": 3002.2348032255245,
      "UFreeSurface_pct": 94.47743842504201,
      "freeSurfaceArea_m2": 0.0019832916219247156,
      "electrodeTemperatureUndershoot_K": 5.7120503583973914e-05,
      "temperatureFallbackUsed": false,
      "temperatureStatisticVersion": "temperature_domains_v1",
      "temperaturePrimaryDomain": "all_tungsten_volume",
      "activeTemperatureTrim_mm": 0.5,
      "electrodeBoundaryMode": "fixed_temperature",
      "electrodeBoundaryVersion": "electrode_thermal_v1",
      "electrodeBoundaryApproximation": "none_fixed_temperature",
      "electrodeTemperature_K": 293.15,
      "copperThermalConductivity_W_mK": 400.0,
      "electrodeContactRadiusIn_mm": 2.5,
      "electrodeContactRadiusOut_mm": 2.5,
      "electrodeSpreadingHIn_W_m2K": 203718.32715762602,
      "electrodeSpreadingHOut_W_m2K": 203718.32715762602,
      "physicsVersion": "thermal_s2s_d3_v1",
      "solve_ok": true,
      "elapsed_sec": 82.8,
      "heatBoundaryFeatureTags": [
        "solid1",
        "init1",
        "ins1",
        "idi1",
        "ltneb1",
        "os1",
        "cib1",
        "dcont1",
        "tempInZZ",
        "tempOutZZ"
      ]
    },
    "semi_infinite_copper_spreading": {
      "applied_V": 90.0,
      "Tmax": 3132.347948975344,
      "Tmin": 294.472856152082,
      "Tmean": 2895.1357122792683,
      "U_pct": 98.0221784003719,
      "TmaxAll_K": 3132.347948975344,
      "TminAll_K": 294.472856152082,
      "TmeanAll_K": 2895.1357122792683,
      "UAll_pct": 98.0221784003719,
      "TmaxActive_K": 3132.347948975344,
      "TminActive_K": 294.8844014287169,
      "TmeanActive_K": 3080.5931841125475,
      "UActive_pct": 92.10770062662587,
      "activeVolumeFraction": 0.9333336584365749,
      "TmaxFreeSurface_K": 3129.4519607635734,
      "TminFreeSurface_K": 294.47285615208193,
      "TmeanFreeSurface_K": 3002.5413197020944,
      "UFreeSurface_pct": 94.4193202607707,
      "freeSurfaceArea_m2": 0.0019832916219247156,
      "electrodeTemperatureUndershoot_K": 0.0,
      "temperatureFallbackUsed": false,
      "temperatureStatisticVersion": "temperature_domains_v1",
      "temperaturePrimaryDomain": "all_tungsten_volume",
      "activeTemperatureTrim_mm": 0.5,
      "electrodeBoundaryMode": "semi_infinite_copper_spreading",
      "electrodeBoundaryVersion": "electrode_thermal_v1",
      "electrodeBoundaryApproximation": "circular_contact_half_space_spreading_resistance",
      "electrodeTemperature_K": 293.15,
      "copperThermalConductivity_W_mK": 400.0,
      "electrodeContactRadiusIn_mm": 2.5,
      "electrodeContactRadiusOut_mm": 2.5,
      "electrodeSpreadingHIn_W_m2K": 203718.32715762602,
      "electrodeSpreadingHOut_W_m2K": 203718.32715762602,
      "physicsVersion": "thermal_s2s_d3_v1",
      "solve_ok": true,
      "elapsed_sec": 71.9,
      "heatBoundaryFeatureTags": [
        "solid1",
        "init1",
        "ins1",
        "idi1",
        "ltneb1",
        "os1",
        "cib1",
        "dcont1",
        "fluxInZZ",
        "fluxOutZZ"
      ]
    }
  },
  "sensitivity": {
    "deltaTmax_K": -0.1331722204495236,
    "deltaTmin_K": 1.3229132725855948,
    "deltaTmean_K": 0.48961901832990407,
    "deltaU_pctpt": -0.06688281255424045
  }
}
